{
  "products":{
    "furniture": [
    {
      "name": "tables & chairs",
      "color": "brown",
      "rate": "12000",
      "sales": "10%"
    },
    {
      "name": "sofas",
      "color": "black",
      "rate": "30000",
      "sales": "60%"
    },
    {
      "name": "kitchen island",
      "color": "white",
      "rate": "20000",
      "sales": "90%"
    }
  ],
  "decor": [
    {
      "name": "bed linen",
      "color": "yellow",
      "rate": "2000",
      "sales": "93%"
    },
    {
      "name": "curtain & blinds",
      "color": "pink",
      "rate": "3000",
      "sales": "80%"
    },
    {
      "name": "carpets",
      "color": "blue",
      "rate": "1000",
      "sales": "99%"
    }
  ]
  }
}